{
  "web": {
    "client_id": "1083236680081-r7e01e89qqe2ohm6p5hak3sebrvdl18c.apps.googleusercontent.com",
    "project_id": "skillbuiler",
    "auth_uri": "https://accounts.google.com/o/oauth2/auth",
    "token_uri": "https://oauth2.googleapis.com/token",
    "auth_provider_x509_cert_url": "https://www.googleapis.com/oauth2/v1/certs",
    "client_secret": "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",
    "redirect_uris": ["http://localhost:4000/oauth2callback"],
    "javascript_origins": ["http://localhost:4000"]
  }
}
